batch,instance,algo,vertices,layer,fan,disRate,percNeg,cpMult,g_vertices,g_edges,g_diameter,g_max in degree,g_min in degree,g_mean in degree,g_max out degree,g_min out degree,g_mean out degree,g_disRate,g_perc Negative,g_deadline,g_last task Early Finish,effort,NPV,time
"['320', '10', '3', '10', '0', '1']",dg1.tpf,SAA,320,10,3,10,0,1,322,777,8,3,1,2.1849529780564265,3,1,2.197492163009404,0.1,0.0,142,71,732,2845.3220025598657,0.012386798858642578
"['320', '10', '3', '10', '0', '1']",dg1.tpf,HS,320,10,3,10,0,1,322,777,8,3,1,2.1849529780564265,3,1,2.197492163009404,0.1,0.0,142,71,322,2845.3220025598657,0.014184713363647461
"['320', '10', '3', '10', '0', '1']",dg10.tpf,SAA,320,10,3,10,0,1,322,769,9,3,1,2.156739811912226,3,1,2.1818181818181817,0.1,0.0,146,73,675,2850.2610518050597,0.017203092575073242
"['320', '10', '3', '10', '0', '1']",dg10.tpf,HS,320,10,3,10,0,1,322,769,9,3,1,2.156739811912226,3,1,2.1818181818181817,0.1,0.0,146,73,322,2850.2610518050597,0.010460138320922852
"['320', '10', '3', '10', '0', '1']",dg11.tpf,SAA,320,10,3,10,0,1,322,767,9,3,1,2.166144200626959,3,1,2.134796238244514,0.1,0.0,152,76,733,3043.104338139177,0.016300678253173828
"['320', '10', '3', '10', '0', '1']",dg11.tpf,HS,320,10,3,10,0,1,322,767,9,3,1,2.166144200626959,3,1,2.134796238244514,0.1,0.0,152,76,322,3043.104338139177,0.015626907348632812
"['320', '10', '3', '10', '0', '1']",dg12.tpf,SAA,320,10,3,10,0,1,322,766,9,3,1,2.1253918495297808,3,1,2.1504702194357366,0.1,0.0,148,74,695,3635.242380043783,0.015547752380371094
"['320', '10', '3', '10', '0', '1']",dg12.tpf,HS,320,10,3,10,0,1,322,766,9,3,1,2.1253918495297808,3,1,2.1504702194357366,0.1,0.0,148,74,322,3635.242380043783,0.0
"['320', '10', '3', '10', '0', '1']",dg13.tpf,SAA,320,10,3,10,0,1,322,782,9,3,1,2.219435736677116,3,1,2.2163009404388716,0.1,0.0,144,72,730,2903.1110561229675,0.001978635787963867
"['320', '10', '3', '10', '0', '1']",dg13.tpf,HS,320,10,3,10,0,1,322,782,9,3,1,2.219435736677116,3,1,2.2163009404388716,0.1,0.0,144,72,322,2903.1110561229675,0.0
"['320', '10', '3', '10', '0', '1']",dg14.tpf,SAA,320,10,3,10,0,1,322,760,10,3,1,2.122257053291536,3,1,2.0940438871473352,0.1,0.0,126,63,684,3445.9761500999793,0.015622854232788086
"['320', '10', '3', '10', '0', '1']",dg14.tpf,HS,320,10,3,10,0,1,322,760,10,3,1,2.122257053291536,3,1,2.0940438871473352,0.1,0.0,126,63,322,3445.9761500999793,0.0
"['320', '10', '3', '10', '0', '1']",dg15.tpf,SAA,320,10,3,10,0,1,322,763,9,3,1,2.147335423197492,3,1,2.1379310344827585,0.1,0.0,162,81,736,3172.793615676367,0.01562047004699707
"['320', '10', '3', '10', '0', '1']",dg15.tpf,HS,320,10,3,10,0,1,322,763,9,3,1,2.147335423197492,3,1,2.1379310344827585,0.1,0.0,162,81,322,3172.793615676367,0.007995128631591797
"['320', '10', '3', '10', '0', '1']",dg16.tpf,SAA,320,10,3,10,0,1,322,783,8,3,1,2.1818181818181817,3,1,2.1818181818181817,0.1,0.0,126,63,705,2925.8492061107663,0.015618324279785156
"['320', '10', '3', '10', '0', '1']",dg16.tpf,HS,320,10,3,10,0,1,322,783,8,3,1,2.1818181818181817,3,1,2.1818181818181817,0.1,0.0,126,63,322,2925.8492061107663,0.0
"['320', '10', '3', '10', '0', '1']",dg17.tpf,SAA,320,10,3,10,0,1,322,780,9,3,1,2.2100313479623823,3,1,2.1912225705329154,0.1,0.0,146,73,689,2919.8548422642725,0.013388633728027344
"['320', '10', '3', '10', '0', '1']",dg17.tpf,HS,320,10,3,10,0,1,322,780,9,3,1,2.2100313479623823,3,1,2.1912225705329154,0.1,0.0,146,73,322,2919.8548422642725,0.0050547122955322266
"['320', '10', '3', '10', '0', '1']",dg18.tpf,SAA,320,10,3,10,0,1,322,782,9,3,1,2.2351097178683386,3,1,2.197492163009404,0.1,0.0,126,63,738,3024.4096440606763,0.011411190032958984
"['320', '10', '3', '10', '0', '1']",dg18.tpf,HS,320,10,3,10,0,1,322,782,9,3,1,2.2351097178683386,3,1,2.197492163009404,0.1,0.0,126,63,322,3024.4096440606763,0.0034377574920654297
"['320', '10', '3', '10', '0', '1']",dg19.tpf,SAA,320,10,3,10,0,1,322,769,9,3,1,2.1379310344827585,3,1,2.1504702194357366,0.1,0.0,128,64,734,2677.102071123559,0.02137136459350586
"['320', '10', '3', '10', '0', '1']",dg19.tpf,HS,320,10,3,10,0,1,322,769,9,3,1,2.1379310344827585,3,1,2.1504702194357366,0.1,0.0,128,64,322,2677.102071123559,0.008061408996582031
"['320', '10', '3', '10', '0', '1']",dg2.tpf,SAA,320,10,3,10,0,1,322,783,8,3,1,2.1786833855799372,3,1,2.1786833855799372,0.1,0.0,132,66,655,2957.962381497643,0.015634775161743164
"['320', '10', '3', '10', '0', '1']",dg2.tpf,HS,320,10,3,10,0,1,322,783,8,3,1,2.1786833855799372,3,1,2.1786833855799372,0.1,0.0,132,66,322,2957.962381497643,0.0
"['320', '10', '3', '10', '0', '1']",dg20.tpf,SAA,320,10,3,10,0,1,322,777,9,3,1,2.1598746081504703,3,1,2.1912225705329154,0.1,0.0,134,67,701,2737.06026498065,0.020174503326416016
"['320', '10', '3', '10', '0', '1']",dg20.tpf,HS,320,10,3,10,0,1,322,777,9,3,1,2.1598746081504703,3,1,2.1912225705329154,0.1,0.0,134,67,322,2737.06026498065,0.0
"['320', '10', '3', '10', '0', '1']",dg21.tpf,SAA,320,10,3,10,0,1,322,771,9,3,1,2.1379310344827585,3,1,2.1379310344827585,0.1,0.0,136,68,667,3310.3407712567437,0.013045549392700195
"['320', '10', '3', '10', '0', '1']",dg21.tpf,HS,320,10,3,10,0,1,322,771,9,3,1,2.1379310344827585,3,1,2.1379310344827585,0.1,0.0,136,68,322,3310.3407712567437,0.0
"['320', '10', '3', '10', '0', '1']",dg22.tpf,SAA,320,10,3,10,0,1,322,781,8,3,1,2.1724137931034484,3,1,2.2100313479623823,0.1,0.0,130,65,703,2967.8495654343697,0.0
"['320', '10', '3', '10', '0', '1']",dg22.tpf,HS,320,10,3,10,0,1,322,781,8,3,1,2.1724137931034484,3,1,2.2100313479623823,0.1,0.0,130,65,322,2967.8495654343697,0.007645368576049805
"['320', '10', '3', '10', '0', '1']",dg23.tpf,SAA,320,10,3,10,0,1,322,781,7,3,1,2.1724137931034484,3,1,2.2131661442006267,0.1,0.0,132,66,689,2885.6559114980237,0.024041175842285156
"['320', '10', '3', '10', '0', '1']",dg23.tpf,HS,320,10,3,10,0,1,322,781,7,3,1,2.1724137931034484,3,1,2.2131661442006267,0.1,0.0,132,66,322,2885.6559114980237,0.007964372634887695
"['320', '10', '3', '10', '0', '1']",dg24.tpf,SAA,320,10,3,10,0,1,322,759,9,3,1,2.1065830721003134,3,1,2.128526645768025,0.1,0.0,130,65,698,2882.1774281016556,0.010207891464233398
"['320', '10', '3', '10', '0', '1']",dg24.tpf,HS,320,10,3,10,0,1,322,759,9,3,1,2.1065830721003134,3,1,2.128526645768025,0.1,0.0,130,65,322,2882.1774281016556,0.010142326354980469
"['320', '10', '3', '10', '0', '1']",dg25.tpf,SAA,320,10,3,10,0,1,322,785,8,3,1,2.200626959247649,3,1,2.2100313479623823,0.1,0.0,144,72,679,2898.666540516921,0.000997304916381836
"['320', '10', '3', '10', '0', '1']",dg25.tpf,HS,320,10,3,10,0,1,322,785,8,3,1,2.200626959247649,3,1,2.2100313479623823,0.1,0.0,144,72,322,2898.666540516921,0.0
"['320', '10', '3', '10', '0', '1']",dg26.tpf,SAA,320,10,3,10,0,1,322,782,8,3,1,2.1818181818181817,3,1,2.197492163009404,0.1,0.0,144,72,725,2882.234797298737,0.013155460357666016
"['320', '10', '3', '10', '0', '1']",dg26.tpf,HS,320,10,3,10,0,1,322,782,8,3,1,2.1818181818181817,3,1,2.197492163009404,0.1,0.0,144,72,322,2882.234797298737,0.008055448532104492
"['320', '10', '3', '10', '0', '1']",dg27.tpf,SAA,320,10,3,10,0,1,322,760,9,3,1,2.122257053291536,3,1,2.1379310344827585,0.1,0.0,128,64,682,2877.721674365522,0.01010894775390625
"['320', '10', '3', '10', '0', '1']",dg27.tpf,HS,320,10,3,10,0,1,322,760,9,3,1,2.122257053291536,3,1,2.1379310344827585,0.1,0.0,128,64,322,2877.721674365522,0.0
"['320', '10', '3', '10', '0', '1']",dg28.tpf,SAA,320,10,3,10,0,1,322,765,9,3,1,2.1630094043887147,3,1,2.147335423197492,0.1,0.0,130,65,700,3217.3947119521035,0.015620946884155273
"['320', '10', '3', '10', '0', '1']",dg28.tpf,HS,320,10,3,10,0,1,322,765,9,3,1,2.1630094043887147,3,1,2.147335423197492,0.1,0.0,130,65,322,3217.3947119521035,0.015622615814208984
"['320', '10', '3', '10', '0', '1']",dg29.tpf,SAA,320,10,3,10,0,1,322,778,9,3,1,2.175548589341693,3,1,2.1786833855799372,0.1,0.0,144,72,685,3071.9333192877943,0.016706228256225586
"['320', '10', '3', '10', '0', '1']",dg29.tpf,HS,320,10,3,10,0,1,322,778,9,3,1,2.175548589341693,3,1,2.1786833855799372,0.1,0.0,144,72,322,3071.9333192877943,0.009191751480102539
"['320', '10', '3', '10', '0', '1']",dg3.tpf,SAA,320,10,3,10,0,1,322,774,9,3,1,2.156739811912226,3,1,2.175548589341693,0.1,0.0,132,66,695,3050.375729651285,0.007997274398803711
"['320', '10', '3', '10', '0', '1']",dg3.tpf,HS,320,10,3,10,0,1,322,774,9,3,1,2.156739811912226,3,1,2.175548589341693,0.1,0.0,132,66,322,3050.375729651285,0.0
"['320', '10', '3', '10', '0', '1']",dg30.tpf,SAA,320,10,3,10,0,1,322,780,9,3,1,2.166144200626959,3,1,2.188087774294671,0.1,0.0,148,74,703,3633.2015794368103,0.01602649688720703
"['320', '10', '3', '10', '0', '1']",dg30.tpf,HS,320,10,3,10,0,1,322,780,9,3,1,2.166144200626959,3,1,2.188087774294671,0.1,0.0,148,74,322,3633.2015794368103,0.010120153427124023
"['320', '10', '3', '10', '0', '1']",dg4.tpf,SAA,320,10,3,10,0,1,322,777,9,3,1,2.1630094043887147,3,1,2.206896551724138,0.1,0.0,138,69,706,2509.115806211784,0.015988826751708984
"['320', '10', '3', '10', '0', '1']",dg4.tpf,HS,320,10,3,10,0,1,322,777,9,3,1,2.1630094043887147,3,1,2.206896551724138,0.1,0.0,138,69,322,2509.115806211784,0.0
"['320', '10', '3', '10', '0', '1']",dg5.tpf,SAA,320,10,3,10,0,1,322,781,8,3,1,2.2037617554858935,3,1,2.188087774294671,0.1,0.0,136,68,707,3052.3709505160496,0.0027518272399902344
"['320', '10', '3', '10', '0', '1']",dg5.tpf,HS,320,10,3,10,0,1,322,781,8,3,1,2.2037617554858935,3,1,2.188087774294671,0.1,0.0,136,68,322,3052.3709505160496,0.008071660995483398
"['320', '10', '3', '10', '0', '1']",dg6.tpf,SAA,320,10,3,10,0,1,322,781,9,3,1,2.2037617554858935,3,1,2.2100313479623823,0.1,0.0,136,68,691,2956.741234250116,0.008022785186767578
"['320', '10', '3', '10', '0', '1']",dg6.tpf,HS,320,10,3,10,0,1,322,781,9,3,1,2.2037617554858935,3,1,2.2100313479623823,0.1,0.0,136,68,322,2956.741234250116,0.005779743194580078
"['320', '10', '3', '10', '0', '1']",dg7.tpf,SAA,320,10,3,10,0,1,322,767,9,3,1,2.1630094043887147,3,1,2.1786833855799372,0.1,0.0,144,72,731,2670.6358503673805,0.010116338729858398
"['320', '10', '3', '10', '0', '1']",dg7.tpf,HS,320,10,3,10,0,1,322,767,9,3,1,2.1630094043887147,3,1,2.1786833855799372,0.1,0.0,144,72,322,2670.6358503673805,0.015619993209838867
"['320', '10', '3', '10', '0', '1']",dg8.tpf,SAA,320,10,3,10,0,1,322,769,9,3,1,2.1442006269592477,3,1,2.1630094043887147,0.1,0.0,148,74,691,3079.3093882831936,0.012190580368041992
"['320', '10', '3', '10', '0', '1']",dg8.tpf,HS,320,10,3,10,0,1,322,769,9,3,1,2.1442006269592477,3,1,2.1630094043887147,0.1,0.0,148,74,322,3079.3093882831936,0.010114908218383789
"['320', '10', '3', '10', '0', '1']",dg9.tpf,SAA,320,10,3,10,0,1,322,786,10,3,1,2.225705329153605,3,1,2.2445141065830723,0.1,0.0,140,70,751,2533.0628598429003,0.019629240036010742
"['320', '10', '3', '10', '0', '1']",dg9.tpf,HS,320,10,3,10,0,1,322,786,10,3,1,2.225705329153605,3,1,2.2445141065830723,0.1,0.0,140,70,322,2533.0628598429003,0.0
"['320', '10', '3', '10', '100', '1']",dg1.tpf,SAA,320,10,3,10,100,1,322,773,9,3,1,2.156739811912226,3,1,2.1598746081504703,0.1,99.37888198757764,126,63,111473,-0.7122002993462706,0.9120113849639893
"['320', '10', '3', '10', '100', '1']",dg1.tpf,HS,320,10,3,10,100,1,322,773,9,3,1,2.156739811912226,3,1,2.1598746081504703,0.1,99.37888198757764,126,63,110794,-0.7122002993462706,0.8683807849884033
"['320', '10', '3', '10', '100', '1']",dg10.tpf,SAA,320,10,3,10,100,1,322,778,9,3,1,2.197492163009404,3,1,2.1849529780564265,0.1,99.37888198757764,156,78,112647,-0.08177988520847851,0.9255509376525879
"['320', '10', '3', '10', '100', '1']",dg10.tpf,HS,320,10,3,10,100,1,322,778,9,3,1,2.197492163009404,3,1,2.1849529780564265,0.1,99.37888198757764,156,78,111670,-0.08177988520847851,0.8609485626220703
"['320', '10', '3', '10', '100', '1']",dg11.tpf,SAA,320,10,3,10,100,1,322,768,11,3,1,2.1598746081504703,3,1,2.1410658307210033,0.1,99.37888198757764,152,76,105879,-0.1330206621857924,0.8046450614929199
"['320', '10', '3', '10', '100', '1']",dg11.tpf,HS,320,10,3,10,100,1,322,768,11,3,1,2.1598746081504703,3,1,2.1410658307210033,0.1,99.37888198757764,152,76,105162,-0.1330206621857924,0.8361101150512695
"['320', '10', '3', '10', '100', '1']",dg12.tpf,SAA,320,10,3,10,100,1,322,774,9,3,1,2.2037617554858935,3,1,2.19435736677116,0.1,99.37888198757764,148,74,112424,-0.19148940409914175,0.948333740234375
"['320', '10', '3', '10', '100', '1']",dg12.tpf,HS,320,10,3,10,100,1,322,774,9,3,1,2.2037617554858935,3,1,2.19435736677116,0.1,99.37888198757764,148,74,111635,-0.19148940409914175,0.8686013221740723
"['320', '10', '3', '10', '100', '1']",dg13.tpf,SAA,320,10,3,10,100,1,322,767,9,3,1,2.153605015673981,3,1,2.1442006269592477,0.1,99.37888198757764,156,78,109915,-0.0816756851742659,1.0795652866363525
"['320', '10', '3', '10', '100', '1']",dg13.tpf,HS,320,10,3,10,100,1,322,767,9,3,1,2.153605015673981,3,1,2.1442006269592477,0.1,99.37888198757764,156,78,109271,-0.0816756851742659,0.8759701251983643
"['320', '10', '3', '10', '100', '1']",dg14.tpf,SAA,320,10,3,10,100,1,322,766,8,3,1,2.1379310344827585,3,1,2.1504702194357366,0.1,99.37888198757764,126,63,109678,-0.5416708824807565,0.9197661876678467
"['320', '10', '3', '10', '100', '1']",dg14.tpf,HS,320,10,3,10,100,1,322,766,8,3,1,2.1379310344827585,3,1,2.1504702194357366,0.1,99.37888198757764,126,63,109015,-0.5416708824807565,1.1575963497161865
"['320', '10', '3', '10', '100', '1']",dg15.tpf,SAA,320,10,3,10,100,1,322,769,9,3,1,2.1724137931034484,3,1,2.188087774294671,0.1,99.37888198757764,146,73,111324,-0.2022772689803293,0.9334735870361328
"['320', '10', '3', '10', '100', '1']",dg15.tpf,HS,320,10,3,10,100,1,322,769,9,3,1,2.1724137931034484,3,1,2.188087774294671,0.1,99.37888198757764,146,73,110541,-0.2022772689803293,0.8600990772247314
"['320', '10', '3', '10', '100', '1']",dg16.tpf,SAA,320,10,3,10,100,1,322,767,9,3,1,2.128526645768025,3,1,2.147335423197492,0.1,99.37888198757764,128,64,110138,-0.6058826379998713,0.9012818336486816
"['320', '10', '3', '10', '100', '1']",dg16.tpf,HS,320,10,3,10,100,1,322,767,9,3,1,2.128526645768025,3,1,2.147335423197492,0.1,99.37888198757764,128,64,109405,-0.6058826379998713,0.9495117664337158
"['320', '10', '3', '10', '100', '1']",dg17.tpf,SAA,320,10,3,10,100,1,322,769,9,3,1,2.1504702194357366,3,1,2.166144200626959,0.1,99.37888198757764,134,67,109176,-0.5105703564530218,0.9319267272949219
"['320', '10', '3', '10', '100', '1']",dg17.tpf,HS,320,10,3,10,100,1,322,769,9,3,1,2.1504702194357366,3,1,2.166144200626959,0.1,99.37888198757764,134,67,108578,-0.5105703564530218,0.833397626876831
"['320', '10', '3', '10', '100', '1']",dg18.tpf,SAA,320,10,3,10,100,1,322,771,9,3,1,2.156739811912226,3,1,2.1598746081504703,0.1,99.37888198757764,148,74,110736,-0.20287230815183202,1.1439545154571533
"['320', '10', '3', '10', '100', '1']",dg18.tpf,HS,320,10,3,10,100,1,322,771,9,3,1,2.156739811912226,3,1,2.1598746081504703,0.1,99.37888198757764,148,74,110052,-0.20287230815183202,0.6552302837371826
"['320', '10', '3', '10', '100', '1']",dg19.tpf,SAA,320,10,3,10,100,1,322,759,9,3,1,2.122257053291536,3,1,2.1065830721003134,0.1,99.37888198757764,144,72,108282,-0.21008886887071687,0.6833899021148682
"['320', '10', '3', '10', '100', '1']",dg19.tpf,HS,320,10,3,10,100,1,322,759,9,3,1,2.122257053291536,3,1,2.1065830721003134,0.1,99.37888198757764,144,72,107691,-0.21008886887071687,0.5503334999084473
"['320', '10', '3', '10', '100', '1']",dg2.tpf,SAA,320,10,3,10,100,1,322,769,9,3,1,2.1630094043887147,3,1,2.1724137931034484,0.1,99.37888198757764,138,69,109627,-0.3618077380857516,0.9641032218933105
"['320', '10', '3', '10', '100', '1']",dg2.tpf,HS,320,10,3,10,100,1,322,769,9,3,1,2.1630094043887147,3,1,2.1724137931034484,0.1,99.37888198757764,138,69,108980,-0.3618077380857516,0.7246277332305908
"['320', '10', '3', '10', '100', '1']",dg20.tpf,SAA,320,10,3,10,100,1,322,781,9,3,1,2.188087774294671,3,1,2.2100313479623823,0.1,99.37888198757764,134,67,112648,-0.5047671865132081,0.6263449192047119
"['320', '10', '3', '10', '100', '1']",dg20.tpf,HS,320,10,3,10,100,1,322,781,9,3,1,2.188087774294671,3,1,2.2100313479623823,0.1,99.37888198757764,134,67,111902,-0.5047671865132081,0.5635323524475098
"['320', '10', '3', '10', '100', '1']",dg21.tpf,SAA,320,10,3,10,100,1,322,760,10,3,1,2.1253918495297808,3,1,2.1442006269592477,0.1,99.37888198757764,134,67,109970,-0.37764836714106886,0.5268330574035645
"['320', '10', '3', '10', '100', '1']",dg21.tpf,HS,320,10,3,10,100,1,322,760,10,3,1,2.1253918495297808,3,1,2.1442006269592477,0.1,99.37888198757764,134,67,109297,-0.37764836714106886,0.5028116703033447
"['320', '10', '3', '10', '100', '1']",dg22.tpf,SAA,320,10,3,10,100,1,322,767,8,3,1,2.1630094043887147,3,1,2.1504702194357366,0.1,99.37888198757764,152,76,110620,-0.09289941344138071,0.5570969581604004
"['320', '10', '3', '10', '100', '1']",dg22.tpf,HS,320,10,3,10,100,1,322,767,8,3,1,2.1630094043887147,3,1,2.1504702194357366,0.1,99.37888198757764,152,76,109818,-0.09289941344138071,0.4634974002838135
"['320', '10', '3', '10', '100', '1']",dg23.tpf,SAA,320,10,3,10,100,1,322,781,9,3,1,2.188087774294671,3,1,2.2351097178683386,0.1,99.37888198757764,154,77,112887,-0.08991278687908234,0.47722744941711426
"['320', '10', '3', '10', '100', '1']",dg23.tpf,HS,320,10,3,10,100,1,322,781,9,3,1,2.188087774294671,3,1,2.2351097178683386,0.1,99.37888198757764,154,77,111947,-0.08991278687908234,0.6499934196472168
"['320', '10', '3', '10', '100', '1']",dg24.tpf,SAA,320,10,3,10,100,1,322,773,9,3,1,2.1630094043887147,3,1,2.156739811912226,0.1,99.37888198757764,140,70,110565,-0.22218690618384065,0.5175118446350098
"['320', '10', '3', '10', '100', '1']",dg24.tpf,HS,320,10,3,10,100,1,322,773,9,3,1,2.1630094043887147,3,1,2.156739811912226,0.1,99.37888198757764,140,70,109834,-0.22218690618384065,0.5800149440765381
"['320', '10', '3', '10', '100', '1']",dg25.tpf,SAA,320,10,3,10,100,1,322,770,9,3,1,2.1504702194357366,3,1,2.1630094043887147,0.1,99.37888198757764,134,67,108966,-0.4913340317475157,0.5420553684234619
"['320', '10', '3', '10', '100', '1']",dg25.tpf,HS,320,10,3,10,100,1,322,770,9,3,1,2.1504702194357366,3,1,2.1630094043887147,0.1,99.37888198757764,134,67,108335,-0.4913340317475157,0.7029166221618652
"['320', '10', '3', '10', '100', '1']",dg26.tpf,SAA,320,10,3,10,100,1,322,765,10,3,1,2.147335423197492,3,1,2.156739811912226,0.1,99.37888198757764,138,69,108457,-0.4019900402845077,0.5139679908752441
"['320', '10', '3', '10', '100', '1']",dg26.tpf,HS,320,10,3,10,100,1,322,765,10,3,1,2.147335423197492,3,1,2.156739811912226,0.1,99.37888198757764,138,69,107759,-0.4019900402845077,0.5509178638458252
"['320', '10', '3', '10', '100', '1']",dg27.tpf,SAA,320,10,3,10,100,1,322,778,10,3,1,2.166144200626959,3,1,2.2131661442006267,0.1,99.37888198757764,144,72,112121,-0.28706271227972907,0.5742311477661133
"['320', '10', '3', '10', '100', '1']",dg27.tpf,HS,320,10,3,10,100,1,322,778,10,3,1,2.166144200626959,3,1,2.2131661442006267,0.1,99.37888198757764,144,72,111392,-0.28706271227972907,0.5854382514953613
"['320', '10', '3', '10', '100', '1']",dg28.tpf,SAA,320,10,3,10,100,1,322,758,9,3,1,2.1379310344827585,3,1,2.1253918495297808,0.1,99.37888198757764,126,63,108157,-0.9407017097909439,0.47777748107910156
"['320', '10', '3', '10', '100', '1']",dg28.tpf,HS,320,10,3,10,100,1,322,758,9,3,1,2.1379310344827585,3,1,2.1253918495297808,0.1,99.37888198757764,126,63,107425,-0.9407017097909439,0.6692051887512207
"['320', '10', '3', '10', '100', '1']",dg29.tpf,SAA,320,10,3,10,100,1,322,761,10,3,1,2.1191222570532915,3,1,2.1316614420062696,0.1,99.37888198757764,142,71,107098,-0.240861460137882,0.524651050567627
"['320', '10', '3', '10', '100', '1']",dg29.tpf,HS,320,10,3,10,100,1,322,761,10,3,1,2.1191222570532915,3,1,2.1316614420062696,0.1,99.37888198757764,142,71,106413,-0.240861460137882,0.45565295219421387
"['320', '10', '3', '10', '100', '1']",dg3.tpf,SAA,320,10,3,10,100,1,322,766,9,3,1,2.128526645768025,3,1,2.166144200626959,0.1,99.37888198757764,130,65,111569,-0.5512514231668031,0.631079912185669
"['320', '10', '3', '10', '100', '1']",dg3.tpf,HS,320,10,3,10,100,1,322,766,9,3,1,2.128526645768025,3,1,2.166144200626959,0.1,99.37888198757764,130,65,110768,-0.5512514231668031,0.4801065921783447
"['320', '10', '3', '10', '100', '1']",dg30.tpf,SAA,320,10,3,10,100,1,322,783,9,3,1,2.200626959247649,3,1,2.1912225705329154,0.1,99.37888198757764,126,63,112909,-0.9803195712091523,0.545712947845459
"['320', '10', '3', '10', '100', '1']",dg30.tpf,HS,320,10,3,10,100,1,322,783,9,3,1,2.200626959247649,3,1,2.1912225705329154,0.1,99.37888198757764,126,63,112407,-0.9803195712091523,0.5501408576965332
"['320', '10', '3', '10', '100', '1']",dg4.tpf,SAA,320,10,3,10,100,1,322,763,9,3,1,2.134796238244514,3,1,2.147335423197492,0.1,99.37888198757764,140,70,109793,-0.22989500874992824,0.5886881351470947
"['320', '10', '3', '10', '100', '1']",dg4.tpf,HS,320,10,3,10,100,1,322,763,9,3,1,2.134796238244514,3,1,2.147335423197492,0.1,99.37888198757764,140,70,108997,-0.22989500874992824,0.4807870388031006
"['320', '10', '3', '10', '100', '1']",dg5.tpf,SAA,320,10,3,10,100,1,322,760,10,3,1,2.147335423197492,3,1,2.1504702194357366,0.1,99.37888198757764,148,74,111120,-0.13570961565982634,0.6059825420379639
"['320', '10', '3', '10', '100', '1']",dg5.tpf,HS,320,10,3,10,100,1,322,760,10,3,1,2.147335423197492,3,1,2.1504702194357366,0.1,99.37888198757764,148,74,110433,-0.13570961565982634,0.4567074775695801
"['320', '10', '3', '10', '100', '1']",dg6.tpf,SAA,320,10,3,10,100,1,322,776,8,3,1,2.1818181818181817,3,1,2.156739811912226,0.1,99.37888198757764,140,70,112105,-0.2845358781050226,0.5816259384155273
"['320', '10', '3', '10', '100', '1']",dg6.tpf,HS,320,10,3,10,100,1,322,776,8,3,1,2.1818181818181817,3,1,2.156739811912226,0.1,99.37888198757764,140,70,111375,-0.2845358781050226,0.4913976192474365
"['320', '10', '3', '10', '100', '1']",dg7.tpf,SAA,320,10,3,10,100,1,322,769,8,3,1,2.147335423197492,3,1,2.1442006269592477,0.1,99.37888198757764,140,70,107526,-0.34299674081762865,0.45121335983276367
"['320', '10', '3', '10', '100', '1']",dg7.tpf,HS,320,10,3,10,100,1,322,769,8,3,1,2.147335423197492,3,1,2.1442006269592477,0.1,99.37888198757764,140,70,106775,-0.34299674081762865,0.4482293128967285
"['320', '10', '3', '10', '100', '1']",dg8.tpf,SAA,320,10,3,10,100,1,322,775,9,3,1,2.175548589341693,3,1,2.188087774294671,0.1,99.37888198757764,136,68,113888,-0.41379542496512123,0.5330185890197754
"['320', '10', '3', '10', '100', '1']",dg8.tpf,HS,320,10,3,10,100,1,322,775,9,3,1,2.175548589341693,3,1,2.188087774294671,0.1,99.37888198757764,136,68,113019,-0.41379542496512123,0.4759104251861572
"['320', '10', '3', '10', '100', '1']",dg9.tpf,SAA,320,10,3,10,100,1,322,760,9,3,1,2.1128526645768027,3,1,2.1316614420062696,0.1,99.37888198757764,162,81,105404,-0.044633544089392393,0.7923483848571777
"['320', '10', '3', '10', '100', '1']",dg9.tpf,HS,320,10,3,10,100,1,322,760,9,3,1,2.1128526645768027,3,1,2.1316614420062696,0.1,99.37888198757764,162,81,104581,-0.044633544089392393,0.5022656917572021
"['320', '10', '3', '10', '50', '1']",dg1.tpf,SAA,320,10,3,10,50,1,322,773,8,3,1,2.1786833855799372,3,1,2.200626959247649,0.1,49.06832298136646,142,71,68126,1089.7632252556214,0.41806507110595703
"['320', '10', '3', '10', '50', '1']",dg1.tpf,HS,320,10,3,10,50,1,322,773,8,3,1,2.1786833855799372,3,1,2.200626959247649,0.1,49.06832298136646,142,71,51279,1089.7632252556214,0.2755851745605469
"['320', '10', '3', '10', '50', '1']",dg10.tpf,SAA,320,10,3,10,50,1,322,775,8,3,1,2.153605015673981,3,1,2.1786833855799372,0.1,48.4472049689441,152,76,43922,1363.498713523633,0.32552504539489746
"['320', '10', '3', '10', '50', '1']",dg10.tpf,HS,320,10,3,10,50,1,322,775,8,3,1,2.153605015673981,3,1,2.1786833855799372,0.1,48.4472049689441,152,76,36247,1363.498713523633,0.1642296314239502
"['320', '10', '3', '10', '50', '1']",dg11.tpf,SAA,320,10,3,10,50,1,322,779,9,3,1,2.206896551724138,3,1,2.200626959247649,0.1,54.6583850931677,142,71,51319,1068.2608532140346,0.30048441886901855
"['320', '10', '3', '10', '50', '1']",dg11.tpf,HS,320,10,3,10,50,1,322,779,9,3,1,2.206896551724138,3,1,2.200626959247649,0.1,54.6583850931677,142,71,43156,1068.2608532140346,0.1831064224243164
"['320', '10', '3', '10', '50', '1']",dg12.tpf,SAA,320,10,3,10,50,1,322,782,8,3,1,2.200626959247649,3,1,2.19435736677116,0.1,50.621118012422365,144,72,55051,1167.2951880931703,0.45546936988830566
"['320', '10', '3', '10', '50', '1']",dg12.tpf,HS,320,10,3,10,50,1,322,782,8,3,1,2.200626959247649,3,1,2.19435736677116,0.1,50.621118012422365,144,72,38133,1167.2951880931703,0.1781480312347412
"['320', '10', '3', '10', '50', '1']",dg13.tpf,SAA,320,10,3,10,50,1,322,772,9,3,1,2.1630094043887147,3,1,2.175548589341693,0.1,47.51552795031056,156,78,49143,1301.7274383630431,0.3363018035888672
"['320', '10', '3', '10', '50', '1']",dg13.tpf,HS,320,10,3,10,50,1,322,772,9,3,1,2.1630094043887147,3,1,2.175548589341693,0.1,47.51552795031056,156,78,37386,1301.7274383630431,0.20081353187561035
"['320', '10', '3', '10', '50', '1']",dg14.tpf,SAA,320,10,3,10,50,1,322,773,9,3,1,2.1849529780564265,3,1,2.188087774294671,0.1,52.484472049689444,134,67,69019,910.8744748015177,0.37701964378356934
"['320', '10', '3', '10', '50', '1']",dg14.tpf,HS,320,10,3,10,50,1,322,773,9,3,1,2.1849529780564265,3,1,2.188087774294671,0.1,52.484472049689444,134,67,55263,910.8744748015177,0.25165343284606934
"['320', '10', '3', '10', '50', '1']",dg15.tpf,SAA,320,10,3,10,50,1,322,788,9,3,1,2.197492163009404,3,1,2.2163009404388716,0.1,48.13664596273292,134,67,36013,1232.3267202050004,0.23735857009887695
"['320', '10', '3', '10', '50', '1']",dg15.tpf,HS,320,10,3,10,50,1,322,788,9,3,1,2.197492163009404,3,1,2.2163009404388716,0.1,48.13664596273292,134,67,26853,1232.3267202050004,0.15148115158081055
"['320', '10', '3', '10', '50', '1']",dg16.tpf,SAA,320,10,3,10,50,1,322,775,9,3,1,2.197492163009404,3,1,2.1849529780564265,0.1,48.4472049689441,134,67,51382,1178.0420931287147,0.29300451278686523
"['320', '10', '3', '10', '50', '1']",dg16.tpf,HS,320,10,3,10,50,1,322,775,9,3,1,2.197492163009404,3,1,2.1849529780564265,0.1,48.4472049689441,134,67,41774,1178.0420931287147,0.20924639701843262
"['320', '10', '3', '10', '50', '1']",dg17.tpf,SAA,320,10,3,10,50,1,322,772,9,3,1,2.1786833855799372,3,1,2.1912225705329154,0.1,49.378881987577635,144,72,42628,1121.3092012094116,0.2691378593444824
"['320', '10', '3', '10', '50', '1']",dg17.tpf,HS,320,10,3,10,50,1,322,772,9,3,1,2.1786833855799372,3,1,2.1912225705329154,0.1,49.378881987577635,144,72,34076,1121.3092012094116,0.15380144119262695
"['320', '10', '3', '10', '50', '1']",dg18.tpf,SAA,320,10,3,10,50,1,322,770,9,3,1,2.169278996865204,3,1,2.153605015673981,0.1,51.5527950310559,130,65,35489,1234.0042920130054,0.21465063095092773
"['320', '10', '3', '10', '50', '1']",dg18.tpf,HS,320,10,3,10,50,1,322,770,9,3,1,2.169278996865204,3,1,2.153605015673981,0.1,51.5527950310559,130,65,29484,1234.0042920130054,0.13527536392211914
"['320', '10', '3', '10', '50', '1']",dg19.tpf,SAA,320,10,3,10,50,1,322,761,8,3,1,2.122257053291536,3,1,2.134796238244514,0.1,46.8944099378882,132,66,42591,999.5466257855695,0.28673672676086426
"['320', '10', '3', '10', '50', '1']",dg19.tpf,HS,320,10,3,10,50,1,322,761,8,3,1,2.122257053291536,3,1,2.134796238244514,0.1,46.8944099378882,132,66,29887,999.5466257855695,0.14752674102783203
"['320', '10', '3', '10', '50', '1']",dg2.tpf,SAA,320,10,3,10,50,1,322,772,8,3,1,2.1316614420062696,3,1,2.1849529780564265,0.1,46.8944099378882,126,63,45145,1289.729027898138,0.24700117111206055
"['320', '10', '3', '10', '50', '1']",dg2.tpf,HS,320,10,3,10,50,1,322,772,8,3,1,2.1316614420062696,3,1,2.1849529780564265,0.1,46.8944099378882,126,63,36016,1289.729027898138,0.18680095672607422
"['320', '10', '3', '10', '50', '1']",dg20.tpf,SAA,320,10,3,10,50,1,322,780,8,3,1,2.2163009404388716,3,1,2.1912225705329154,0.1,46.58385093167702,134,67,41582,1350.9444243301764,0.2363111972808838
"['320', '10', '3', '10', '50', '1']",dg20.tpf,HS,320,10,3,10,50,1,322,780,8,3,1,2.2163009404388716,3,1,2.1912225705329154,0.1,46.58385093167702,134,67,29781,1350.9444243301764,0.146010160446167
"['320', '10', '3', '10', '50', '1']",dg21.tpf,SAA,320,10,3,10,50,1,322,778,9,3,1,2.1630094043887147,3,1,2.200626959247649,0.1,54.6583850931677,136,68,62174,1108.9694000034801,0.4019007682800293
"['320', '10', '3', '10', '50', '1']",dg21.tpf,HS,320,10,3,10,50,1,322,778,9,3,1,2.1630094043887147,3,1,2.200626959247649,0.1,54.6583850931677,136,68,49758,1108.9694000034801,0.33841824531555176
"['320', '10', '3', '10', '50', '1']",dg22.tpf,SAA,320,10,3,10,50,1,322,764,9,3,1,2.1253918495297808,3,1,2.1442006269592477,0.1,52.79503105590062,136,68,34490,1130.306738777795,0.2374134063720703
"['320', '10', '3', '10', '50', '1']",dg22.tpf,HS,320,10,3,10,50,1,322,764,9,3,1,2.1253918495297808,3,1,2.1442006269592477,0.1,52.79503105590062,136,68,29792,1130.306738777795,0.14826178550720215
"['320', '10', '3', '10', '50', '1']",dg23.tpf,SAA,320,10,3,10,50,1,322,768,9,3,1,2.169278996865204,3,1,2.169278996865204,0.1,51.24223602484472,138,69,44758,1216.044663212007,0.23555397987365723
"['320', '10', '3', '10', '50', '1']",dg23.tpf,HS,320,10,3,10,50,1,322,768,9,3,1,2.169278996865204,3,1,2.169278996865204,0.1,51.24223602484472,138,69,34784,1216.044663212007,0.18640422821044922
"['320', '10', '3', '10', '50', '1']",dg24.tpf,SAA,320,10,3,10,50,1,322,770,9,3,1,2.1598746081504703,3,1,2.169278996865204,0.1,50.931677018633536,142,71,35157,1141.2788597572012,0.22552490234375
"['320', '10', '3', '10', '50', '1']",dg24.tpf,HS,320,10,3,10,50,1,322,770,9,3,1,2.1598746081504703,3,1,2.169278996865204,0.1,50.931677018633536,142,71,30602,1141.2788597572012,0.14803481101989746
"['320', '10', '3', '10', '50', '1']",dg25.tpf,SAA,320,10,3,10,50,1,322,773,8,3,1,2.156739811912226,3,1,2.1598746081504703,0.1,49.378881987577635,128,64,42660,1238.2307048749972,0.2188727855682373
"['320', '10', '3', '10', '50', '1']",dg25.tpf,HS,320,10,3,10,50,1,322,773,8,3,1,2.156739811912226,3,1,2.1598746081504703,0.1,49.378881987577635,128,64,35849,1238.2307048749972,0.18201398849487305
"['320', '10', '3', '10', '50', '1']",dg26.tpf,SAA,320,10,3,10,50,1,322,764,9,3,1,2.1630094043887147,3,1,2.128526645768025,0.1,46.58385093167702,124,62,26611,1523.2558202292585,0.15339040756225586
"['320', '10', '3', '10', '50', '1']",dg26.tpf,HS,320,10,3,10,50,1,322,764,9,3,1,2.1630094043887147,3,1,2.128526645768025,0.1,46.58385093167702,124,62,22671,1523.2558202292585,0.08299779891967773
"['320', '10', '3', '10', '50', '1']",dg27.tpf,SAA,320,10,3,10,50,1,322,760,9,3,1,2.1410658307210033,3,1,2.134796238244514,0.1,47.51552795031056,134,67,48810,1094.587935243035,0.31467270851135254
"['320', '10', '3', '10', '50', '1']",dg27.tpf,HS,320,10,3,10,50,1,322,760,9,3,1,2.1410658307210033,3,1,2.134796238244514,0.1,47.51552795031056,134,67,42166,1094.587935243035,0.20466995239257812
"['320', '10', '3', '10', '50', '1']",dg28.tpf,SAA,320,10,3,10,50,1,322,770,9,3,1,2.1598746081504703,3,1,2.153605015673981,0.1,46.58385093167702,146,73,44873,1212.3520267317872,0.3079183101654053
"['320', '10', '3', '10', '50', '1']",dg28.tpf,HS,320,10,3,10,50,1,322,770,9,3,1,2.1598746081504703,3,1,2.153605015673981,0.1,46.58385093167702,146,73,35593,1212.3520267317872,0.16526174545288086
"['320', '10', '3', '10', '50', '1']",dg29.tpf,SAA,320,10,3,10,50,1,322,770,8,3,1,2.156739811912226,3,1,2.1786833855799372,0.1,47.82608695652174,142,71,33821,1385.3884067970403,0.17757296562194824
"['320', '10', '3', '10', '50', '1']",dg29.tpf,HS,320,10,3,10,50,1,322,770,8,3,1,2.156739811912226,3,1,2.1786833855799372,0.1,47.82608695652174,142,71,26985,1385.3884067970403,0.1365964412689209
"['320', '10', '3', '10', '50', '1']",dg3.tpf,SAA,320,10,3,10,50,1,322,767,9,3,1,2.1379310344827585,3,1,2.156739811912226,0.1,53.72670807453416,146,73,47799,934.4742292383578,0.27831459045410156
"['320', '10', '3', '10', '50', '1']",dg3.tpf,HS,320,10,3,10,50,1,322,767,9,3,1,2.1379310344827585,3,1,2.156739811912226,0.1,53.72670807453416,146,73,42297,934.4742292383578,0.25024962425231934
"['320', '10', '3', '10', '50', '1']",dg30.tpf,SAA,320,10,3,10,50,1,322,770,9,3,1,2.156739811912226,3,1,2.169278996865204,0.1,49.68944099378882,130,65,61011,1183.6581712717873,0.3691072463989258
"['320', '10', '3', '10', '50', '1']",dg30.tpf,HS,320,10,3,10,50,1,322,770,9,3,1,2.156739811912226,3,1,2.169278996865204,0.1,49.68944099378882,130,65,45307,1183.6581712717873,0.23526453971862793
"['320', '10', '3', '10', '50', '1']",dg4.tpf,SAA,320,10,3,10,50,1,322,771,9,3,1,2.166144200626959,3,1,2.153605015673981,0.1,52.17391304347826,138,69,40579,1369.7220247308237,0.2840421199798584
"['320', '10', '3', '10', '50', '1']",dg4.tpf,HS,320,10,3,10,50,1,322,771,9,3,1,2.166144200626959,3,1,2.153605015673981,0.1,52.17391304347826,138,69,33715,1369.7220247308237,0.15582942962646484
"['320', '10', '3', '10', '50', '1']",dg5.tpf,SAA,320,10,3,10,50,1,322,783,9,3,1,2.197492163009404,3,1,2.225705329153605,0.1,52.17391304347826,128,64,51077,1138.3859391936182,0.3005540370941162
"['320', '10', '3', '10', '50', '1']",dg5.tpf,HS,320,10,3,10,50,1,322,783,9,3,1,2.197492163009404,3,1,2.225705329153605,0.1,52.17391304347826,128,64,44543,1138.3859391936182,0.24154996871948242
"['320', '10', '3', '10', '50', '1']",dg6.tpf,SAA,320,10,3,10,50,1,322,774,9,3,1,2.1630094043887147,3,1,2.169278996865204,0.1,49.06832298136646,144,72,33082,1047.6043279419953,0.2772941589355469
"['320', '10', '3', '10', '50', '1']",dg6.tpf,HS,320,10,3,10,50,1,322,774,9,3,1,2.1630094043887147,3,1,2.169278996865204,0.1,49.06832298136646,144,72,27981,1047.6043279419953,0.21863937377929688
"['320', '10', '3', '10', '50', '1']",dg7.tpf,SAA,320,10,3,10,50,1,322,755,10,3,1,2.1003134796238245,3,1,2.1191222570532915,0.1,47.51552795031056,130,65,34368,1320.4140229536026,0.1861422061920166
"['320', '10', '3', '10', '50', '1']",dg7.tpf,HS,320,10,3,10,50,1,322,755,10,3,1,2.1003134796238245,3,1,2.1191222570532915,0.1,47.51552795031056,130,65,27557,1320.4140229536026,0.12158441543579102
"['320', '10', '3', '10', '50', '1']",dg8.tpf,SAA,320,10,3,10,50,1,322,774,9,3,1,2.197492163009404,3,1,2.169278996865204,0.1,43.47826086956522,148,74,46862,1250.5540592100708,0.28263330459594727
"['320', '10', '3', '10', '50', '1']",dg8.tpf,HS,320,10,3,10,50,1,322,774,9,3,1,2.197492163009404,3,1,2.169278996865204,0.1,43.47826086956522,148,74,33976,1250.5540592100708,0.20126032829284668
"['320', '10', '3', '10', '50', '1']",dg9.tpf,SAA,320,10,3,10,50,1,322,788,8,3,1,2.2163009404388716,3,1,2.2288401253918497,0.1,50.621118012422365,140,70,65373,944.8183307617987,0.42153000831604004
"['320', '10', '3', '10', '50', '1']",dg9.tpf,HS,320,10,3,10,50,1,322,788,8,3,1,2.2163009404388716,3,1,2.2288401253918497,0.1,50.621118012422365,140,70,52072,944.8183307617987,0.3160970211029053
